Open,High,Low,Close,Volume,Dividends,Stock Splits
737.7083740234375,749.2018432617188,719.792236328125,730.3675537109375,13652004358,0.0,0.0
730.4026489257812,786.7984619140625,718.1094970703125,774.5349731445312,19740771179,0.0,0.0
774.5118408203125,1006.5650024414062,771.5616455078125,975.5076904296875,45200463368,0.0,0.0
977.058837890625,1153.189208984375,912.3053588867188,1040.2330322265625,56945985763,0.0,0.0
1041.498779296875,1129.3714599609375,986.811279296875,1100.006103515625,41535932781,0.0,0.0
1101.0050048828125,1209.4285888671875,1064.2333984375,1207.1121826171875,44699914188,0.0,0.0
1208.078369140625,1282.57958984375,1167.443115234375,1225.6781005859375,40468027280,0.0,0.0
1225.9678955078125,1273.8275146484375,1076.08154296875,1224.1971435546875,44334826666,0.0,0.0
1223.740478515625,1303.871826171875,1182.2703857421875,1281.0772705078125,33233105361,0.0,0.0
1280.87109375,1347.9261474609375,1194.715576171875,1262.2467041015625,40616938053,0.0,0.0
1261.6229248046875,1261.6229248046875,924.922607421875,1090.1453857421875,60733630300,0.0,0.0
1088.5267333984375,1149.240234375,1012.76416015625,1043.4345703125,37494601692,0.0,0.0
1043.740966796875,1134.3385009765625,994.549072265625,1130.7393798828125,30109792795,0.0,0.0
1130.231201171875,1244.1630859375,1093.060791015625,1218.4530029296875,33410915929,0.0,0.0
1221.877197265625,1250.505859375,1090.7210693359375,1171.8345947265625,35972039310,0.0,0.0
1171.443115234375,1290.0535888671875,1157.623779296875,1233.53759765625,32319240157,0.0,0.0
1233.453369140625,1265.6446533203125,1174.3885498046875,1230.1722412109375,29258032819,0.0,0.0
1230.313232421875,1259.4500732421875,1187.31103515625,1257.279541015625,25817455560,0.0,0.0
1257.4345703125,1432.300048828125,1254.52294921875,1377.2958984375,47195935190,0.0,0.0
1375.2484130859375,1405.744140625,1243.2999267578125,1382.2740478515625,46784030909,0.0,0.0
1382.6844482421875,1382.6844482421875,1098.4761962890625,1121.5709228515625,45932464754,0.0,0.0
1118.8890380859375,1271.6876220703125,1046.5965576171875,1236.51220703125,43918338506,0.0,0.0
1235.2679443359375,1272.151123046875,1200.893310546875,1230.9906005859375,27253895441,0.0,0.0
1231.2105712890625,1395.111328125,1225.2740478515625,1391.609375,36418163554,0.0,0.0
1390.639892578125,1467.784912109375,1304.9739990234375,1324.414794921875,43565777745,0.0,0.0
1323.74169921875,1376.0850830078125,1253.34033203125,1357.05810546875,41572917750,0.0,0.0
1358.3333740234375,1368.0740966796875,1215.311279296875,1253.1871337890625,39394416990,0.0,0.0
1251.27978515625,1356.2886962890625,1226.1739501953125,1332.4921875,34637234789,0.0,0.0
1369.0867919921875,1428.981201171875,1292.2401123046875,1382.5228271484375,53611955259,0.0,0.0
1382.23193359375,1402.3997802734375,1328.529052734375,1376.115478515625,30616574234,0.0,0.0
1376.8236083984375,1378.916015625,1288.5015869140625,1314.9862060546875,25198853581,0.0,0.0
1314.855224609375,1373.8458251953125,1274.3577880859375,1369.04052734375,29210670920,0.0,0.0
1369.505126953125,1542.990966796875,1362.771240234375,1515.1937255859375,45437142801,0.0,0.0
1514.7696533203125,1660.9095458984375,1510.01025390625,1660.9095458984375,41874566399,0.0,0.0
1661.170166015625,1689.1866455078125,1561.853515625,1594.7626953125,44396871836,0.0,0.0
1594.7933349609375,1756.510986328125,1594.7933349609375,1718.65087890625,40108628454,0.0,0.0
1717.7974853515625,1738.314453125,1649.0687255859375,1677.8468017578125,39873420648,0.0,0.0
1677.605712890625,1690.03662109375,1501.750244140625,1614.227783203125,39889440151,0.0,0.0
1613.6422119140625,1770.5908203125,1571.5799560546875,1746.6168212890625,48012285956,0.0,0.0
1746.9261474609375,1815.963623046875,1711.62060546875,1768.0350341796875,44180727529,0.0,0.0
1768.039794921875,1826.69677734375,1686.5423583984375,1744.243408203125,41916084617,0.0,0.0
1743.7142333984375,1806.5390625,1708.67919921875,1783.7979736328125,36021495262,0.0,0.0
1783.4891357421875,1861.35693359375,1744.1689453125,1843.5325927734375,37905036865,0.0,0.0
1843.98681640625,1871.603515625,1770.612060546875,1814.10986328125,35359490535,0.0,0.0
1814.372314453125,1848.154052734375,1789.9141845703125,1805.0841064453125,31439114900,0.0,0.0
1804.6767578125,1833.83056640625,1683.9066162109375,1779.791015625,38955610883,0.0,0.0
1778.945556640625,1824.5186767578125,1729.6419677734375,1781.0675048828125,34269369268,0.0,0.0
1781.35009765625,1853.6676025390625,1736.705810546875,1848.458251953125,35955412703,0.0,0.0
1848.206298828125,1949.9034423828125,1848.206298828125,1937.44921875,28255902969,0.0,0.0
1938.85986328125,1969.5469970703125,1896.6844482421875,1960.164794921875,26268814253,0.0,0.0
1959.9029541015625,2036.2864990234375,1830.531494140625,1919.5340576171875,34696091102,0.0,0.0
1918.673095703125,1974.2596435546875,1890.3681640625,1935.60107421875,23626547717,0.0,0.0
1935.557861328125,1936.4537353515625,1580.6265869140625,1781.992919921875,42409646036,0.0,0.0
1781.4090576171875,1781.4090576171875,1378.8409423828125,1570.2039794921875,52029864713,0.0,0.0
1571.4764404296875,1710.9837646484375,1511.0189208984375,1626.57568359375,31329000537,0.0,0.0
1625.3939208984375,1670.22412109375,1465.0589599609375,1475.7037353515625,24481681873,0.0,0.0
1478.6533203125,1559.0289306640625,1407.979248046875,1446.03369140625,31435997881,0.0,0.0
1446.929443359375,1524.932373046875,1433.7869873046875,1459.97314453125,20742103233,0.0,0.0
1459.8604736328125,1468.3914794921875,1300.47216796875,1416.0489501953125,27637026080,0.0,0.0
1417.151123046875,1567.694580078125,1416.4161376953125,1564.7076416015625,24032838645,0.0,0.0
1564.0634765625,1597.610107421875,1461.325439453125,1492.6087646484375,22523669722,0.0,0.0
1491.451171875,1650.360595703125,1481.90576171875,1575.8531494140625,22674780680,0.0,0.0
1574.623779296875,1622.953857421875,1511.1033935546875,1541.914306640625,22906118718,0.0,0.0
1541.541748046875,1547.878173828125,1450.891357421875,1533.2750244140625,21067146937,0.0,0.0
1532.372802734375,1669.1065673828125,1519.14111328125,1654.7415771484375,22746262366,0.0,0.0
1655.3924560546875,1730.9241943359375,1636.564453125,1723.15380859375,23809935410,0.0,0.0
1724.229248046875,1835.192138671875,1670.9420166015625,1834.7279052734375,27630991158,0.0,0.0
1835.1480712890625,1868.048828125,1804.266357421875,1868.048828125,23461244507,0.0,0.0
1868.489013671875,1873.80322265625,1766.490478515625,1799.166259765625,25154173185,0.0,0.0
1798.033935546875,1843.81884765625,1734.6170654296875,1826.1949462890625,24013132909,0.0,0.0
1826.5467529296875,1839.497314453125,1728.98095703125,1772.1024169921875,22435821312,0.0,0.0
1772.1663818359375,1937.6455078125,1733.639892578125,1924.6854248046875,25014689475,0.0,0.0
1923.86376953125,1930.77978515625,1845.1199951171875,1854.5643310546875,19344589211,0.0,0.0
1854.086669921875,1889.1966552734375,1749.6063232421875,1791.7022705078125,26244738810,0.0,0.0
1792.413818359375,1817.0601806640625,1720.05322265625,1806.9718017578125,23828509590,0.0,0.0
1807.05615234375,1839.8189697265625,1749.179931640625,1823.4493408203125,24512917348,0.0,0.0
1823.158447265625,1848.6461181640625,1705.716064453125,1782.8551025390625,23263845504,0.0,0.0
1782.5687255859375,1841.196044921875,1746.473388671875,1817.6241455078125,21249297710,0.0,0.0
1817.522705078125,1874.708984375,1811.7286376953125,1812.6346435546875,22677674970,0.0,0.0
1812.6065673828125,1823.35302734375,1764.1392822265625,1788.217041015625,22977404620,0.0,0.0
1788.3621826171875,1811.96826171875,1674.2998046875,1691.333984375,23599296129,0.0,0.0
1690.871826171875,1725.1087646484375,1662.5399169921875,1678.650146484375,21998237965,0.0,0.0
1678.0025634765625,1740.42822265625,1570.7879638671875,1593.4134521484375,31228051473,0.0,0.0
1593.123291015625,1625.9114990234375,1560.3704833984375,1595.3592529296875,29650328701,0.0,0.0
1595.2100830078125,1702.9228515625,1594.7366943359375,1702.842041015625,22548516548,0.0,0.0
1703.0361328125,1732.8243408203125,1674.3193359375,1716.49462890625,18102277710,0.0,0.0
1716.4056396484375,1728.5841064453125,1672.660400390625,1691.35595703125,16599472938,0.0,0.0
1691.26318359375,1837.18798828125,1683.716552734375,1819.6849365234375,22796570548,0.0,0.0
1819.46630859375,1860.9747314453125,1793.92236328125,1846.03369140625,22512781703,0.0,0.0
1846.0982666015625,1947.8377685546875,1793.002197265625,1918.362060546875,30226902621,0.0,0.0
1919.1572265625,1989.0550537109375,1912.178466796875,1977.27685546875,30914259795,0.0,0.0
1976.9327392578125,2152.451904296875,1960.6787109375,2143.2255859375,34862511022,0.0,0.0
2142.89599609375,2144.96240234375,2028.4224853515625,2028.4224853515625,32011518871,0.0,0.0
2027.6712646484375,2110.353515625,2007.11181640625,2093.122802734375,26006501902,0.0,0.0
2093.2607421875,2140.9853515625,2032.3876953125,2107.88720703125,28889391170,0.0,0.0
2109.4931640625,2151.223388671875,2057.609130859375,2118.37890625,29222865881,0.0,0.0
2117.728515625,2133.1875,1945.442138671875,1971.0772705078125,36116271935,0.0,0.0
1969.1331787109375,2091.516357421875,1959.0794677734375,2088.57373046875,25312956529,0.0,0.0
2088.772216796875,2102.873779296875,2055.163330078125,2072.10888671875,19812472092,0.0,0.0
2071.111572265625,2196.996337890625,2062.78759765625,2135.942138671875,24986243611,0.0,0.0
2136.156982421875,2165.19140625,2119.86572265625,2157.656982421875,19692836132,0.0,0.0
2157.36181640625,2199.71875,2110.368896484375,2139.353271484375,21727936609,0.0,0.0
2139.3642578125,2318.42333984375,2138.5595703125,2299.187744140625,29456642939,0.0,0.0
2299.347900390625,2449.6875,2284.563720703125,2435.10498046875,35592822986,0.0,0.0
2436.03466796875,2544.267333984375,2409.924072265625,2519.1162109375,32325606817,0.0,0.0
2516.601806640625,2547.5556640625,2318.675048828125,2431.946533203125,36196928256,0.0,0.0
2429.98095703125,2497.38525390625,2333.682861328125,2344.89501953125,32349808978,0.0,0.0
2346.452392578125,2365.46044921875,2011.766845703125,2237.136962890625,50696368718,0.0,0.0
2238.03271484375,2276.77685546875,2086.688720703125,2166.188720703125,34060654971,0.0,0.0
2161.939453125,2345.8349609375,2060.143798828125,2330.2109375,39433483315,0.0,0.0
2331.16015625,2467.20068359375,2238.366943359375,2364.751708984375,38899067643,0.0,0.0
2357.87109375,2641.094970703125,2315.960205078125,2403.53515625,53575904724,0.0,0.0
2401.25634765625,2439.537109375,2117.03955078125,2363.586181640625,55413933925,0.0,0.0
2367.19921875,2367.740966796875,2163.693115234375,2211.625732421875,31854226936,0.0,0.0
2214.413818359375,2354.086669921875,2172.51513671875,2316.0595703125,31814355546,0.0,0.0
2319.47802734375,2536.33740234375,2308.315185546875,2534.481689453125,35208325408,0.0,0.0
2534.03125,2676.392822265625,2485.375,2662.865234375,32275969215,0.0,0.0
2664.685546875,2757.477294921875,2564.08154296875,2746.380126953125,34269031076,0.0,0.0
2748.649658203125,2797.972412109375,2672.106689453125,2756.876953125,32578127990,0.0,0.0
2757.734130859375,2796.054931640625,2728.169921875,2773.20703125,29777179889,0.0,0.0
2772.83837890625,2951.44091796875,2755.908447265625,2945.892822265625,28726205272,0.0,0.0
2945.56005859375,2984.891845703125,2860.526123046875,2952.05615234375,28032013047,0.0,0.0
2951.17578125,3450.037841796875,2951.17578125,3431.086181640625,49174290212,0.0,0.0
3431.131591796875,3523.5859375,3180.74267578125,3253.62939453125,62402045158,0.0,0.0
3240.5546875,3541.462646484375,3213.1015625,3522.783203125,48334198383,0.0,0.0
3524.930908203125,3598.89599609375,3386.239990234375,3490.88037109375,44300394788,0.0,0.0
3490.105224609375,3573.2900390625,3370.261962890625,3484.72900390625,39607240515,0.0,0.0
3481.988037109375,3950.1650390625,3453.7685546875,3902.647705078125,50208491286,0.0,0.0
3911.463134765625,3981.259033203125,3743.989013671875,3928.8447265625,50568290278,0.0,0.0
3924.413330078125,4197.47314453125,3684.45166015625,3952.2939453125,62691789007,0.0,0.0
3948.27197265625,4178.208984375,3783.889404296875,4168.701171875,52679737865,0.0,0.0
4174.6357421875,4362.3505859375,3785.8486328125,3785.8486328125,69023382175,0.0,0.0
3828.91845703125,4032.5634765625,3549.4072265625,3715.1484375,78398214539,0.0,0.0
3720.122314453125,4171.01708984375,3703.39990234375,4079.057373046875,48174271215,0.0,0.0
4075.95166015625,4129.185546875,3638.1220703125,3638.1220703125,42422321751,0.0,0.0
3641.830810546875,3878.89599609375,3350.95166015625,3587.506103515625,47359478734,0.0,0.0
3581.343017578125,3587.765625,3129.0087890625,3282.397705078125,54061732774,0.0,0.0
3276.872314453125,3562.465087890625,3246.404052734375,3380.070068359375,40416525218,0.0,0.0
3382.6572265625,3437.935791015625,1952.460205078125,2460.67919921875,84482912776,0.0,0.0
2439.638671875,2993.145263671875,2170.22900390625,2784.294189453125,67610826680,0.0,0.0
2772.34130859375,2938.205078125,2113.34716796875,2430.621337890625,53774070802,0.0,0.0
2436.0146484375,2483.983154296875,2168.124267578125,2295.70556640625,42089937660,0.0,0.0
2298.3671875,2384.41162109375,1737.46875,2109.579833984375,56005721977,0.0,0.0
2099.93603515625,2672.595703125,2090.6396484375,2643.591064453125,53697121740,0.0,0.0
2649.033203125,2750.534912109375,2394.35546875,2706.62890625,49558333256,0.0,0.0
2707.052734375,2911.735595703125,2652.094482421875,2888.69873046875,42499766020,0.0,0.0
2888.75244140625,2888.75244140625,2642.60791015625,2736.488525390625,33373635283,0.0,0.0
2742.468994140625,2761.36328125,2336.361328125,2419.90625,39999114805,0.0,0.0
2414.067138671875,2566.9384765625,2208.490966796875,2279.51416015625,33773720220,0.0,0.0
2278.288818359375,2472.187744140625,2188.83447265625,2390.305419921875,25876619428,0.0,0.0
2387.198486328125,2715.85498046875,2279.505126953125,2714.9453125,31007383150,0.0,0.0
2707.560546875,2739.737548828125,2531.16064453125,2633.518310546875,27363223090,0.0,0.0
2634.4560546875,2801.392333984375,2555.4013671875,2706.125,27723267359,0.0,0.0
2708.376220703125,2891.2548828125,2667.684326171875,2855.12646484375,30038207402,0.0,0.0
2857.16552734375,2857.16552734375,2562.637451171875,2688.195068359375,34173841611,0.0,0.0
2691.619384765625,2817.48486328125,2558.233642578125,2630.576904296875,30496672724,0.0,0.0
2629.748779296875,2743.441162109375,2616.162353515625,2715.0927734375,25311639414,0.0,0.0
2713.04736328125,2845.18505859375,2583.9951171875,2590.26318359375,30600111277,0.0,0.0
2594.602294921875,2620.84619140625,2315.546630859375,2517.438720703125,41909736778,0.0,0.0
2510.19921875,2625.070556640625,2412.19775390625,2608.26708984375,36075832186,0.0,0.0
2611.142578125,2619.957763671875,2435.401611328125,2471.5185546875,28753626390,0.0,0.0
2472.85888671875,2495.414794921875,2326.86962890625,2353.768798828125,24832564195,0.0,0.0
2354.752197265625,2447.227783203125,2265.758056640625,2372.484375,25724364410,0.0,0.0
2372.690185546875,2547.367919921875,2312.64013671875,2508.3916015625,27092945370,0.0,0.0
2508.7705078125,2606.432861328125,2469.38818359375,2537.89111328125,26964576331,0.0,0.0
2587.7626953125,2639.229248046875,2515.153076171875,2610.936767578125,29005279219,0.0,0.0
2544.86474609375,2554.62890625,2354.3505859375,2367.66357421875,24101926180,0.0,0.0
2367.306396484375,2457.175537109375,2312.301513671875,2372.001953125,21871633186,0.0,0.0
2374.5869140625,2377.195068359375,2147.308349609375,2231.733154296875,22752818388,0.0,0.0
2235.1591796875,2278.4150390625,2168.885009765625,2178.4990234375,18765854896,0.0,0.0
2171.337890625,2275.3828125,2049.962646484375,2246.364501953125,22535930423,0.0,0.0
2245.31787109375,2259.464111328125,1867.1854248046875,1888.447509765625,33745173825,0.0,0.0
1886.6676025390625,1993.1597900390625,1707.6005859375,1874.9500732421875,35547251725,0.0,0.0
1878.625,2043.5303955078125,1827.571533203125,1989.736328125,28408659206,0.0,0.0
1968.9573974609375,2032.33935546875,1887.4320068359375,1988.456298828125,20272845769,0.0,0.0
1989.2158203125,2017.759521484375,1794.400390625,1813.21728515625,22774334998,0.0,0.0
1810.88427734375,1850.1798095703125,1719.5594482421875,1829.2392578125,20637542361,0.0,0.0
1830.9969482421875,1979.9581298828125,1811.245849609375,1978.8946533203125,19885474742,0.0,0.0
1981.386474609375,2139.805419921875,1963.615478515625,2079.657470703125,25514602841,0.0,0.0
2083.44873046875,2242.23876953125,2076.240234375,2160.768310546875,24815124419,0.0,0.0
2164.21630859375,2282.989013671875,2090.7607421875,2274.547607421875,25828056268,0.0,0.0
2274.3974609375,2274.3974609375,2081.0810546875,2113.60546875,29061701793,0.0,0.0
2109.892578125,2155.596435546875,2021.8248291015625,2150.040283203125,31796212554,0.0,0.0
2150.8349609375,2237.567138671875,2117.590087890625,2226.1142578125,17433361641,0.0,0.0
2226.55029296875,2384.286865234375,2190.837646484375,2321.72412109375,18787107473,0.0,0.0
2321.9228515625,2321.9228515625,2163.04150390625,2198.58251953125,20103794829,0.0,0.0
2197.91943359375,2346.294921875,2197.91943359375,2324.679443359375,20891861314,0.0,0.0
2323.20849609375,2403.7734375,2298.02685546875,2315.161865234375,22398345285,0.0,0.0
2317.94921875,2324.0068359375,2089.414306640625,2120.0263671875,23188123689,0.0,0.0
2115.573974609375,2185.376220703125,2051.066650390625,2146.6923828125,23029574602,0.0,0.0
2146.999755859375,2190.1240234375,2081.923583984375,2111.403564453125,17581542471,0.0,0.0
2110.875732421875,2172.6533203125,2083.8037109375,2139.664794921875,14705386138,0.0,0.0
2140.5068359375,2167.710205078125,2011.0189208984375,2036.7210693359375,17768129077,0.0,0.0
2034.098388671875,2040.693603515625,1922.577880859375,1940.083984375,16621628658,0.0,0.0
1941.1678466796875,2015.107421875,1869.22314453125,1994.331298828125,17342819679,0.0,0.0
1994.7120361328125,2037.7425537109375,1883.272216796875,1911.1756591796875,15688092552,0.0,0.0
1916.598388671875,1959.6962890625,1853.59033203125,1880.3829345703125,14884569147,0.0,0.0
1876.88134765625,1917.597900390625,1855.5908203125,1898.8251953125,13364282076,0.0,0.0
1900.1943359375,1988.33642578125,1883.0125732421875,1895.5521240234375,13791868728,0.0,0.0
1893.0535888671875,1916.1180419921875,1807.909912109375,1817.296630859375,14157735481,0.0,0.0
1819.08203125,1836.998046875,1722.05078125,1787.5107421875,17368597636,0.0,0.0
1786.2762451171875,2025.680419921875,1759.0233154296875,1990.9708251953125,21253359756,0.0,0.0
1994.8228759765625,2044.116455078125,1954.2978515625,2025.2027587890625,17495480331,0.0,0.0
2025.105712890625,2129.441162109375,2000.436279296875,2124.776611328125,16200392492,0.0,0.0
2123.961181640625,2197.6494140625,2107.323486328125,2189.21875,16057446601,0.0,0.0
2187.1455078125,2194.438232421875,2108.829833984375,2191.373779296875,14566483636,0.0,0.0
2191.309814453125,2428.817138671875,2177.32958984375,2233.36669921875,29614324233,0.0,0.0
2230.197021484375,2316.9501953125,2154.731201171875,2298.33349609375,23067480378,0.0,0.0
2302.081298828125,2341.77783203125,2250.9140625,2296.54541015625,18991302378,0.0,0.0
2299.011962890625,2396.451904296875,2273.40478515625,2380.956787109375,16313373113,0.0,0.0
2382.545166015625,2469.704833984375,2322.337158203125,2466.96142578125,20212848934,0.0,0.0
2461.57568359375,2551.1611328125,2423.816162109375,2536.2099609375,18001710283,0.0,0.0
2530.462890625,2695.429443359375,2520.931884765625,2561.85205078125,22697987055,0.0,0.0
2557.774658203125,2665.73095703125,2511.375244140625,2610.1533203125,22162754104,0.0,0.0
2609.4130859375,2630.314208984375,2449.353515625,2502.349609375,22696753413,0.0,0.0
2508.544921875,2764.443603515625,2463.469482421875,2724.619873046875,25038698173,0.0,0.0
2725.669677734375,2840.4306640625,2540.68408203125,2827.328857421875,31057928075,0.0,0.0
2827.50341796875,2944.9033203125,2727.792724609375,2890.941650390625,26528577879,0.0,0.0
2891.70751953125,3170.229736328125,2868.53564453125,3157.23876953125,33081467129,0.0,0.0
3161.232666015625,3184.60400390625,2951.747314453125,3013.732666015625,28433638008,0.0,0.0
3012.8857421875,3185.701171875,2900.926025390625,3167.856201171875,31983260936,0.0,0.0
3163.050048828125,3228.940673828125,3059.22900390625,3141.691162109375,27605221710,0.0,0.0
3142.830322265625,3269.20947265625,3122.91650390625,3164.2451171875,26729035052,0.0,0.0
3164.17578125,3236.314697265625,2984.1669921875,3043.414306640625,25403699845,0.0,0.0
3049.001220703125,3324.671630859375,3037.676025390625,3322.211669921875,23868866254,0.0,0.0
3322.7626953125,3329.281005859375,3214.519775390625,3265.443359375,19860862133,0.0,0.0
3266.276123046875,3320.084228515625,3117.791748046875,3310.504150390625,22166205051,0.0,0.0
3309.422119140625,3333.994873046875,3139.778564453125,3156.509521484375,23080039949,0.0,0.0
3149.38037109375,3288.812744140625,2996.46826171875,3014.845947265625,25509056745,0.0,0.0
3011.963623046875,3124.97607421875,2959.0283203125,3020.08984375,21539248425,0.0,0.0
3019.126953125,3184.435546875,2963.150146484375,3182.7021484375,19546290360,0.0,0.0
3182.16259765625,3298.24658203125,3178.103759765625,3286.935302734375,20885619828,0.0,0.0
3286.931640625,3307.3515625,3209.8662109375,3226.083984375,18113977628,0.0,0.0
3226.227294921875,3272.733154296875,3142.007080078125,3242.115478515625,15983278460,0.0,0.0
3241.357421875,3373.38427734375,3235.851318359375,3319.25732421875,20511110509,0.0,0.0
3324.85546875,3358.688232421875,3154.121337890625,3172.456298828125,20131028906,0.0,0.0
3174.269775390625,3248.727294921875,3086.114990234375,3224.915283203125,18902728235,0.0,0.0
3228.747314453125,3249.6552734375,3060.228759765625,3100.325439453125,17405668117,0.0,0.0
3096.406005859375,3281.840576171875,3064.485107421875,3270.600830078125,18489602004,0.0,0.0
3275.1044921875,3284.845947265625,3217.403564453125,3244.4033203125,13709633698,0.0,0.0
3246.77099609375,3283.235595703125,3158.84033203125,3227.002685546875,13296586731,0.0,0.0
3227.192626953125,3346.5810546875,3151.444580078125,3224.374267578125,19306924485,0.0,0.0
3227.758056640625,3466.9921875,3195.216552734375,3433.732666015625,27280502987,0.0,0.0
3430.762451171875,3836.867431640625,3387.408447265625,3834.828125,30070890104,0.0,0.0
3825.02783203125,3830.71142578125,3726.75048828125,3790.989990234375,24387397330,0.0,0.0
3787.486572265625,4022.46923828125,3712.67822265625,3940.61474609375,26207765094,0.0,0.0
3937.91015625,3969.44873046875,3837.93115234375,3887.828369140625,20806963328,0.0,0.0
3886.3310546875,3979.1865234375,3838.4873046875,3952.133544921875,18371468576,0.0,0.0
3951.520751953125,3968.426513671875,3868.994384765625,3928.37939453125,18674691198,0.0,0.0
3926.527587890625,3945.314208984375,3062.222412109375,3426.394287109375,39131346397,0.0,0.0
3428.378173828125,3559.121337890625,3224.764892578125,3497.315185546875,31738430771,0.0,0.0
3452.54833984375,3562.99267578125,3400.51708984375,3427.340087890625,24118055831,0.0,0.0
3425.56494140625,3512.5712890625,3157.05908203125,3211.505859375,22355974097,0.0,0.0
3209.030517578125,3346.5263671875,3208.9619140625,3270.278076171875,18627122934,0.0,0.0
3270.291748046875,3462.46826171875,3235.109375,3410.134521484375,16810411424,0.0,0.0
3407.471923828125,3426.502197265625,3121.51416015625,3285.51171875,22721552948,0.0,0.0
3286.31640625,3429.169677734375,3273.630859375,3429.169677734375,19125420848,0.0,0.0
3431.21728515625,3615.28271484375,3365.9130859375,3615.28271484375,17548551804,0.0,0.0
3613.07373046875,3673.310791015625,3489.8056640625,3571.294921875,20093903064,0.0,0.0
3569.568115234375,3589.30517578125,3356.449951171875,3398.538818359375,17722363229,0.0,0.0
3397.4228515625,3540.8076171875,3371.892333984375,3432.018310546875,15995220233,0.0,0.0
3433.287841796875,3448.322021484375,3286.17236328125,3329.447998046875,14257609743,0.0,0.0
3329.670654296875,3343.325439453125,2940.839111328125,2958.993408203125,27371684581,0.0,0.0
2977.310546875,3101.697509765625,2676.407470703125,2764.43115234375,30405062665,0.0,0.0
2763.209228515625,3089.0830078125,2741.440673828125,3077.867919921875,23742102645,0.0,0.0
3077.974365234375,3173.544677734375,3038.097900390625,3155.523681640625,18516291047,0.0,0.0
3154.56201171875,3159.64404296875,2747.337646484375,2931.669189453125,25595422789,0.0,0.0
2930.884765625,2968.99462890625,2818.970458984375,2925.565673828125,18932786754,0.0,0.0
2926.343017578125,3114.857421875,2744.5830078125,3062.265380859375,21172766310,0.0,0.0
3065.837890625,3163.6650390625,2932.69287109375,2934.138916015625,19164053681,0.0,0.0
2928.96337890625,2970.7705078125,2793.360595703125,2807.296630859375,16895079070,0.0,0.0
2809.297607421875,2946.88134765625,2786.98828125,2853.143310546875,15763456158,0.0,0.0
2852.558837890625,3046.51953125,2840.28955078125,3001.678955078125,17661065099,0.0,0.0
3001.12939453125,3329.853515625,2978.654296875,3307.51611328125,22307625573,0.0,0.0
3308.870361328125,3464.83740234375,3260.027587890625,3391.6943359375,19202671704,0.0,0.0
3390.767578125,3484.605712890625,3348.1201171875,3418.358642578125,15516566862,0.0,0.0
3418.7763671875,3434.775390625,3283.44873046875,3380.089111328125,17747154101,0.0,0.0
3381.784423828125,3541.45166015625,3365.817626953125,3518.5185546875,16632591670,0.0,0.0
3516.5703125,3622.55126953125,3354.4697265625,3580.56201171875,21855226591,0.0,0.0
3576.814453125,3650.01318359375,3479.9091796875,3587.974853515625,19090322927,0.0,0.0
3587.832763671875,3667.95751953125,3547.828125,3563.75927734375,16222029488,0.0,0.0
3559.997802734375,3628.2373046875,3544.640380859375,3575.716796875,12707036942,0.0,0.0
3575.0205078125,3603.244873046875,3414.970947265625,3425.852783203125,16171746693,0.0,0.0
3419.726806640625,3622.28955078125,3385.76171875,3545.35400390625,18579189588,0.0,0.0
3546.477783203125,3546.477783203125,3407.338134765625,3492.5732421875,18109578443,0.0,0.0
3492.753662109375,3607.74169921875,3417.60205078125,3606.20166015625,16211275589,0.0,0.0
3604.958984375,3819.258544921875,3590.275146484375,3786.01416015625,19443499909,0.0,0.0
3790.154296875,3895.46630859375,3735.363525390625,3862.634765625,20966841512,0.0,0.0
3865.66650390625,3962.453125,3805.885986328125,3830.382080078125,16578095629,0.0,0.0
3829.85888671875,3914.89794921875,3660.723388671875,3847.1044921875,15908090346,0.0,0.0
3847.72998046875,3888.209228515625,3686.75048828125,3748.76025390625,17386204158,0.0,0.0
3747.162841796875,3883.9287109375,3736.7802734375,3877.65087890625,15998757133,0.0,0.0
3877.73095703125,4167.47216796875,3833.2880859375,4155.9921875,20338319988,0.0,0.0
4161.71337890625,4366.08837890625,4032.48388671875,4054.32275390625,28220661820,0.0,0.0
4055.6865234375,4162.9755859375,3908.34033203125,3970.181884765625,19432937968,0.0,0.0
3971.3564453125,4171.66357421875,3944.6318359375,4171.66357421875,14781537792,0.0,0.0
4171.85595703125,4185.7294921875,3967.120361328125,4087.903076171875,14978083638,0.0,0.0
4084.42578125,4236.6669921875,4072.03466796875,4217.876953125,15995727040,0.0,0.0
4217.337890625,4289.13134765625,4106.82373046875,4131.10205078125,17157714562,0.0,0.0
4132.17333984375,4299.15283203125,3930.25732421875,3930.25732421875,26219530404,0.0,0.0
3924.8154296875,4293.15087890625,3905.7060546875,4287.31884765625,25958154575,0.0,0.0
4288.6865234375,4455.7353515625,4271.70751953125,4414.74658203125,22967641914,0.0,0.0
4414.24365234375,4426.8486328125,4252.494140625,4325.650390625,14615490626,0.0,0.0
4322.744140625,4394.44970703125,4179.01611328125,4288.07421875,17498160238,0.0,0.0
4288.21728515625,4377.322265625,4160.966796875,4324.626953125,17985288261,0.0,0.0
4322.5009765625,4599.9482421875,4288.6865234375,4584.798828125,20794448222,0.0,0.0
4589.6845703125,4664.91015625,4462.97607421875,4607.19384765625,21220463155,0.0,0.0
4604.6787109375,4606.51611328125,4426.62255859375,4537.32421875,18415244464,0.0,0.0
4537.42333984375,4570.89599609375,4447.4873046875,4486.2431640625,15086003586,0.0,0.0
4482.64794921875,4530.9970703125,4334.9736328125,4521.5810546875,14429076700,0.0,0.0
4523.98193359375,4640.921875,4510.984375,4620.5546875,13541376033,0.0,0.0
4619.6494140625,4822.36328125,4619.6494140625,4812.08740234375,19290896267,0.0,0.0
4810.0712890625,4837.58935546875,4718.0390625,4735.06884765625,20834172627,0.0,0.0
4733.36279296875,4859.5029296875,4485.09326171875,4636.17431640625,22748160545,0.0,0.0
4635.45361328125,4778.05908203125,4580.990234375,4730.38427734375,17933201129,0.0,0.0
4724.306640625,4808.73876953125,4510.92041015625,4667.115234375,18316060208,0.0,0.0
4666.71923828125,4702.115234375,4582.1806640625,4651.46044921875,14457436261,0.0,0.0
4648.6328125,4689.8427734375,4516.935546875,4626.35888671875,12172962219,0.0,0.0
4627.0908203125,4764.63623046875,4546.59912109375,4557.50390625,16275851299,0.0,0.0
4570.47802734375,4891.70458984375,4144.3349609375,4216.365234375,27417502801,0.0,0.0
4213.91064453125,4300.306640625,4107.1259765625,4287.59375,22183461850,0.0,0.0
4287.80224609375,4343.55712890625,3959.227783203125,4000.65087890625,21383250893,0.0,0.0
3995.7294921875,4311.7138671875,3982.91748046875,4298.306640625,20626269711,0.0,0.0
4298.3505859375,4434.38818359375,4209.24267578125,4409.93115234375,15448261277,0.0,0.0
4412.1953125,4422.49169921875,4255.455078125,4269.73291015625,14094831413,0.0,0.0
4266.50927734375,4302.02294921875,4033.572265625,4088.457763671875,19752218877,0.0,0.0
4089.680419921875,4385.4833984375,4069.7666015625,4340.763671875,22133497059,0.0,0.0
4340.0361328125,4376.8759765625,4176.18359375,4239.9814453125,21838037128,0.0,0.0
4271.39453125,4550.51806640625,4249.7744140625,4274.7431640625,18705358318,0.0,0.0
4522.208984375,4550.84228515625,3933.506591796875,4030.908935546875,26281795488,0.0,0.0
4042.9990234375,4187.68408203125,4033.513916015625,4096.912109375,16515693874,0.0,0.0
4101.64892578125,4297.91650390625,3989.969970703125,4294.45361328125,15953126340,0.0,0.0
4296.94677734375,4460.8486328125,4284.5048828125,4445.10498046875,19086475837,0.0,0.0
4447.76806640625,4753.26611328125,4358.07421875,4631.47900390625,28626354111,0.0,0.0
4623.6796875,4780.732421875,4530.2724609375,4586.990234375,27634826695,0.0,0.0
4586.3330078125,4628.919921875,4441.5078125,4511.30224609375,21502671027,0.0,0.0
4514.35595703125,4647.2890625,4100.1455078125,4220.7060546875,25879591528,0.0,0.0
4227.76220703125,4242.7255859375,3525.494140625,4119.58740234375,38478999182,0.0,0.0
4119.62890625,4246.92333984375,4040.217529296875,4198.32275390625,25533062707,0.0,0.0
4199.0,4375.5205078125,3930.806640625,4358.7373046875,28229518513,0.0,0.0
4358.5869140625,4428.58935546875,4264.32373046875,4315.0615234375,22366213354,0.0,0.0
4311.67431640625,4453.1123046875,4234.53759765625,4439.35791015625,18704315119,0.0,0.0
4433.02490234375,4482.31396484375,4078.84423828125,4119.81591796875,22296131874,0.0,0.0
4113.58837890625,4227.11181640625,3897.767578125,3908.49609375,28014595631,0.0,0.0
3909.667724609375,4095.6484375,3846.054443359375,4084.452392578125,19131502454,0.0,0.0
4084.811279296875,4173.60888671875,3993.055908203125,4134.453125,14057603914,0.0,0.0
4136.35986328125,4145.955078125,3680.609130859375,3784.226806640625,23999841386,0.0,0.0
3782.82275390625,3866.6337890625,3700.104736328125,3745.4404296875,23836759957,0.0,0.0
3862.25146484375,4086.372802734375,3664.719970703125,4018.388671875,26411188833,0.0,0.0
4020.4150390625,4110.36865234375,3956.05712890625,3962.4697265625,19825531254,0.0,0.0
3959.012451171875,3992.79248046875,3711.424560546875,3879.486572265625,23143541098,0.0,0.0
3880.29150390625,3993.829833984375,3774.614990234375,3960.860107421875,19530895889,0.0,0.0
3960.872314453125,4018.658447265625,3894.398681640625,3922.592529296875,16167785597,0.0,0.0
3923.69580078125,3980.0986328125,3759.4033203125,3933.844482421875,21589690675,0.0,0.0
3938.4638671875,4058.8212890625,3918.837890625,4020.260009765625,16388555198,0.0,0.0
4018.69580078125,4073.79150390625,3947.690185546875,3982.099609375,13921756199,0.0,0.0
3981.961669921875,4149.02685546875,3897.234375,4108.015625,18007273742,0.0,0.0
4111.34521484375,4134.1064453125,4029.064453125,4047.98291015625,12769090623,0.0,0.0
4049.781982421875,4138.56494140625,4027.927001953125,4093.281005859375,10894785525,0.0,0.0
4094.151611328125,4105.02392578125,4013.0263671875,4067.328125,11197244172,0.0,0.0
4064.746337890625,4126.00146484375,4033.492431640625,4037.547607421875,11424360002,0.0,0.0
4037.5380859375,4037.5380859375,3769.280029296875,3800.89306640625,17299472803,0.0,0.0
3797.436279296875,3827.98193359375,3612.7958984375,3628.53173828125,15722555672,0.0,0.0
3632.2197265625,3767.559814453125,3595.204833984375,3713.85205078125,12925377999,0.0,0.0
3713.43017578125,3807.288818359375,3636.869873046875,3682.6328125,14157285268,0.0,0.0
