a08140,0
39ac45,12
3965eb,10
39e40c,7
39a413,7
39b266,7
394a31,6
39a00c,7
394829,6
395300,6
3954af,10
39b96e,6
394dea,6
39cd68,6
38353c,10
38a6fb,1
396032,6
398eab,7
384a1d,10
3919ac,6
39ac44,12
38a1db,1
388fbb,1
a0f651,6
38e83b,1
396147,6
388c7b,1
398627,6
391c30,6
39ce53,6
39364c,5
44f686,11
39b415,5
39b523,5
391735,6
399006,0
394e05,6
38931b,1
3a247c,10
388e3b,1
39a183,6
3808fd,10
38943b,1
39be20,6
3a2cbc,10
38c53b,2
393647,5
407c9a,5
393643,5
44f685,11
39364e,5
398895,5
38189a,4
394d72,5
3c1271,2
3a32dc,10
3906e5,6
390d5b,10
39d228,6
38fcbb,1
388ffb,1
39b40a,5
39d56d,6
a1c986,6
39364a,5
39c415,2
76cd19,1
39cd0b,6
39cd8c,6
39c90d,5
38959b,1
381c1a,4
a13451,6
3461ce,2
395d67,1
39444f,6
3b7771,11
39a842,6
3461cf,2
385ffc,10
3855c8,6
399482,6
3a12dc,10
3b7768,11
39a858,6
385de5,9
398553,9
388ddb,1
38c51b,7
3986ae,9
39ac38,6
39364b,5
39344b,6
398548,9
39904a,5
3826fd,10
34654c,6
390608,6
39cdc1,6
39409b,7
440625,2
3c1230,2
385a9d,0
39212e,6
3b7767,11
39c807,7
39a861,6
389c3b,1
398543,9
347245,1
300825,6
39cdc7,6
398551,9
3900c6,6
39320b,6
39b262,6
3944f0,2
39b0a0,9
440132,2
394a62,1
395d69,1
3954f2,7
39618c,6
39b26e,4
38ed1b,2
395d68,1
45ce56,2
ad5bae,6
3b7760,11
a1e0ed,6
389e7b,1
45ce57,2
394d49,3
398549,9
398557,9
394a63,1
38533c,10
392d80,6
39364d,5
394994,12
3d1186,6
39a56f,3
393322,2
393323,2
39b673,5
395661,9
39c4c3,2
3907bb,7
388f3b,1
389f5b,1
394a65,1
3d6008,5
38b5bc,7
a295ac,5
393644,5
39bdf7,6
3985a6,2
48599a,6
3862bd,0
383e7a,1
38a33d,7
39ac83,10
39b964,6
39c482,6
39ac43,12
3d41bc,10
398559,9
3986ab,9
a515d6,6
398547,9
3e73a0,8
39b167,2
394c10,2
398464,6
3980c1,6
3985a5,2
39cdc4,6
39f5dc,10
3a2ffc,10
38993c,0
3985a4,2
3944e8,2
4d2236,2
3981a6,9
3986a6,9
398558,9
382cea,6
a1ebe9,6
c074d2,5
3925ee,6
3986a1,9
3985a1,2
a741be,6
3985a3,2
3986a7,9
39bdcf,9
39a011,9
39cdc6,6
398544,9
3901cd,6
44b4a7,6
38039a,1
39854f,9
4401e8,2
39854c,9
392973,6
440170,2
a11ac4,6
383b7c,7
3986ac,9
3d3468,6
39a5ac,9
4066c2,7
3b75a8,2
407b97,9
392daa,3
39b583,5
4b2801,6
399de0,6
388edb,1
380e1a,2
38af3d,10
393642,5
388f7b,1
4cad56,2
440a8e,6
39c466,3
392ae4,2
398101,4
392df1,6
38485a,11
4405ea,2
503e22,6
38347c,10
440128,2
3c70ae,2
440ab6,6
395152,7
38115a,2
38e5fb,7
3b75fc,11
394a61,1
3946bb,3
3950ca,2
3985ab,2
39be97,9
3950cc,2
399425,9
39adee,6
391d64,6
382d1c,7
3b7b65,5
39516b,6
3817da,4
388e9b,1
4b1f3f,6
39ca88,9
3803ba,1
34648d,2
440735,2
38377a,2
440057,2
3b77f8,5
3980f0,5
3b7b3d,4
39c672,9
a206af,6
44ce61,2
382ab8,6
3b77f5,5
398545,9
3918d9,7
390832,6
a2babb,6
4ca244,2
392452,6
a67e6d,6
3a367c,10
39f67c,10
3944ef,2
3813ba,2
394b2d,6
440ae4,6
3008b1,7
38659d,0
38a0fb,1
39ac8f,10
4070aa,10
394c17,2
440095,2
4d2233,2
398555,9
3b7b3e,4
a0c9c5,5
39b461,6
300779,6
398d67,10
3b7f69,5
38163a,4
39a203,2
3985a7,2
3986a5,9
407673,9
3c70b1,2
383b9d,10
39cd81,5
3944f7,2
39348f,9
3b7b63,4
392ae6,2
394c09,2
392eaa,6
4404a4,2
39b52c,6
440ca9,2
3986a0,9
398552,9
39b168,2
3818ba,4
39c402,9
38bdbb,7
383528,6
3a199c,10
393324,2
380eba,2
393321,2
392af1,2
a3d03e,6
3948fc,10
a98cd7,6
440484,2
3460d4,6
3d23a4,6
3802ba,1
389f3b,1
3985a2,2
3986ad,9
44017c,2
390a04,6
3b7b23,0
3cc00c,5
3881fc,0
3892db,1
38147a,2
39a863,6
44083f,2
adaca4,6
440589,2
440bb2,6
38169a,4
39655c,10
4400e9,2
44093e,2
3908a0,6
380f9a,2
3c70b3,2
380ada,1
39d024,9
3985a9,2
3c6582,2
440171,2
a00953,5
38335a,1
38d25c,10
38363a,2
4406f0,2
3986e5,2
3818da,4
3c70b4,2
3d2167,6
380f3a,2
3c70af,2
3922ed,2
440cb1,2
3a2d5c,10
380d5a,2
39c499,6
440065,2
3c66ac,2
4408f4,2
440195,2
a18d8e,6
3c70b2,2
3b75dd,2
440582,2
440172,2
34648e,2
47a597,6
38113a,2
3950d0,2
38011a,1
38375a,2
4400e3,2
44061c,2
a05a2c,5
44034b,2
382afa,1
39dc20,6
440833,2
3836fa,2
382a7a,1
3986aa,9
388cbb,1
39baf8,3
49c2d8,10
a3bbe0,6
3cc00b,5
50846f,9
39b169,2
39854e,9
40459b,7
39c40f,3
3b7b9e,9
3d14ac,6
405a49,2
a16bea,6
38373a,2
38177a,4
407279,9
38135a,2
a242c6,5
381b9a,4
440237,2
389fdb,1
346305,10
3856ee,6
a69ade,6
39635b,7
390911,6
380d3a,1
4d02a3,5
ab737a,6
38125a,2
344455,2
31d8d9,10
ad32d9,3
440047,2
39854d,9
38111a,2
38361a,2
39cd0e,5
3801fa,2
495215,2
495297,2
399291,9
3986a4,9
38149a,2
3d174b,6
3819da,4
380f5a,2
3946e1,2
3465c9,2
394ea2,3
38117a,2
38119a,2
495037,2
346155,2
3b7b96,9
3ff742,10
39342f,9
4a09b4,2
3950cf,2
3809dd,10
3e3463,3
440018,2
38a11b,1
38131a,2
39214e,6
3b7b3b,9
4400ec,2
4d21eb,2
38bedb,6
4cac40,2
38185a,4
38949b,1
a1dcfa,5
345699,2
3b776d,11
4d227c,2
495214,2
394c0f,2
3a35dc,0
39b16a,2
440141,2
4401d1,2
3463c6,2
4408f5,2
39a065,6
3c658d,2
3b7f6b,5
3b75fd,11
440037,2
407a08,6
380b3a,1
380eda,2
3b75f5,11
3b7716,4
3934f2,6
020108,2
440631,2
44061b,2
402d2d,6
405066,6
38165a,4
3b77eb,0
38109a,2
34568d,2
4408c9,2
38e85b,1
440083,2
44028c,2
392ae2,2
38287a,1
3b75f3,11
401c78,6
44009e,2
4b1a25,2
3aabfd,5
44003e,2
380d7a,2
38145a,2
3835fa,2
3006d4,7
3b75ee,11
393022,5
382a3a,1
3a007c,10
389c1b,1
3944e5,2
4ca647,2
39ada0,12
aa1aa5,3
4d02de,5
38369a,2
3b75ef,11
3b7b66,5
a66147,5
44c069,5
38143a,2
3b76b3,3
380e5a,2
39c440,3
389ffb,1
39427c,10
3818fa,4
38107a,2
3810fa,2
45e48f,4
3950ce,2
3986a8,9
401008,6
39066c,3
39a64f,6
384ef2,6
44ce78,2
384d46,6
8880cb,2
a954fb,5
440036,2
3985aa,2
4d02ad,5
3946e4,2
4d0227,3
396668,2
4b27c0,5
39aa48,5
39b462,7
380e9a,2
39ca35,9
345613,2
4491f5,9
4d2115,3
393d11,9
440005,2
38e87c,7
393474,6
484bd1,2
397c1c,10
388f9b,1
49c2e4,10
394c07,2
346689,2
3b7ba6,9
395d6d,1
c02726,2
4b1a5f,2
4d222e,2
342591,2
400db2,2
3aabfa,5
38037a,1
38187a,4
380c5a,1
3c70b0,2
3828fa,1
49520f,2
345617,2
3c6445,2
39484c,6
4409c0,2
44cdc4,2
ab58a7,5
44ce66,2
3b75f4,11
3b777a,11
4401f7,2
3c6593,2
3c6598,2
3892bb,1
3961b1,9
44ce77,2
38013a,1
380f7a,2
3b770d,3
398189,5
345388,2
44056b,2
3c6597,2
3810da,2
44083c,2
a34dde,5
44ce6f,2
43ee2c,2
020044,2
02a1b0,2
3c65cf,2
38105a,2
3964e2,2
4400b9,2
3c6584,2
4d21ce,2
343385,2
440097,2
3c6750,2
440c31,2
404107,7
440191,2
38151a,2
440209,2
440030,2
390dfc,10
4ca854,2
392af0,2
3b7769,11
388f5b,1
3b7761,0
383bfa,5
38957b,1
388c9b,1
39c502,6
39858f,11
380afa,1
38951b,1
39c949,5
39f5fc,10
4b1f40,5
a4d404,6
4aaf14,7
39dbdc,10
347386,1
4a8f04,6
4a98ac,7
38953b,1
3b7770,11
390601,6
3d1945,6
3d0e31,6
3a329c,0
3950c9,2
391446,6
388dbb,1
3a2a5c,10
396677,2
4405b6,2
020155,6
3950d1,2
3995a6,7
3d343a,6
abd792,6
39b861,5
3d2280,6
440469,2
399177,7
4401e4,2
39986e,9
3d1543,6
393ab7,6
3d1d23,6
4cabf3,6
3836ba,2
3964c3,6
398933,6
398571,2
44033e,2
43ec6e,6
3984e2,9
38297a,1
39cf12,1
40781a,6
4403f0,2
392848,6
4401c3,2
39a9c3,5
a95057,6
391a37,6
3919eb,6
ac63d5,6
4d2268,2
389b5b,1
3b7b3f,4
a9700f,6
3932ee,6
a325af,6
3b776e,11
39c35c,10
3816fa,4
39ce35,9
398546,9
398561,2
383628,6
399a71,12
a0b59e,6
acfc37,6
4cad52,2
3aabff,5
44064a,2
a1493d,6
3835ca,5
388d9b,1
a52760,6
3819fa,4
3824bd,10
3816ba,4
495210,2
a48055,6
40362f,7
388e5b,1
a030ab,6
394f7c,10
4d2228,2
44023f,2
39854b,9
380c9a,1
451cc1,2
3e3afb,6
39514c,7
4d221f,2
3986e0,2
3950c6,2
3945f9,4
440732,2
3a357c,10
3a2e3c,10
3950cb,2
44039e,2
383293,6
4d225f,2
394c31,6
4403bb,2
393c0f,6
38121a,2
38519d,10
407404,6
39514f,7
388f1b,1
38955b,1
4402ae,2
38155a,2
3895dc,0
a09d9d,6
394f31,6
4862b9,6
a32b4f,5
402ee0,6
44ce76,2
3c70b5,2
3b77f3,5
495299,2
3c5eec,2
388e7b,1
3811fa,2
a68336,1
39158a,9
4b2858,6
38123a,2
440090,2
3c6748,2
3d42ee,6
393b7b,7
3986a3,9
384e7d,10
4d2212,2
a0a606,6
38137a,2
ad0e7e,5
3c6745,2
3801da,2
38183a,4
394f32,6
44ce6e,2
398274,9
394c18,2
40105c,6
393b7c,10
4b0936,6
380c3a,2
44ce71,2
3cdd18,3
495213,2
3847fd,10
acad5d,6
4078fb,9
3455da,2
39b486,6
39a860,6
3935ab,6
38365d,10
48a587,7
49529a,2
ada2fd,6
44ce6c,2
3b7762,11
3ff89b,7
a1a318,6
393ce5,6
396063,6
3d47b8,7
0a0074,2
38593d,10
45ce55,2
393320,2
a3e411,6
38019a,2
3992e8,11
02a1a7,2
3980e5,5
404ac0,6
3c6451,2
398890,3
a0f331,5
495211,2
3950cd,2
394c13,2
3986a9,9
4d02c3,5
3812fa,2
3985a0,2
0a0091,2
39de10,7
44ce62,2
390024,6
ad0ed3,5
392c68,6
380b7a,1
3810ba,2
380dba,2
3936fc,7
39a26b,0
3812ba,2
4b40e4,10
399c26,9
4643c5,5
400982,2
3d48a5,6
383d48,6
393225,7
346612,2
346358,10
380cfa,1
495212,2
3a1d3c,10
781e49,1
3985f1,6
38133a,2
39cf0e,1
a1b69c,6
380b1a,1
3814ba,2
346398,2
440176,2
346391,2
394c19,2
38289a,1
44083b,2
3c6743,2
40785c,9
3811ba,2
0a0022,2
3835da,2
3942bc,0
3813da,2
3b7f6a,5
394c03,2
380dfa,2
3e3467,3
3944e7,2
50025c,9
38159a,2
405ee0,2
31debf,6
39ac4a,12
76cd44,1
a725ea,5
38371a,2
384e1a,1
380d9a,2
440019,2
3812da,2
3ce7ec,5
506c34,2
424b43,4
380841,6
40515a,6
ac6fc1,5
380dda,2
440181,2
401cd2,6
4ca6be,5
407978,6
020072,2
40465e,7
394df2,6
39b44d,7
38197a,4
020095,2
440175,2
02a1ae,2
3d41b5,7
39adae,12
393241,6
3b7b97,9
02a1a4,2
02a1b3,2
a25dc6,6
401240,2
3d0fc0,6
4b1f30,6
3984c4,5
49521a,2
393423,6
c02722,2
396e1c,7
3827fa,2
3892fb,1
39464f,6
440bb6,6
394c12,2
38281a,1
392462,6
390813,6
44017b,2
3991e8,2
0a008d,2
384dfa,1
3a2c9c,10
020118,2
0a0076,2
3c6744,2
48507f,2
38367a,2
3b75a7,2
38933b,1
406532,2
407c7e,9
405a46,2
345687,2
44ce6a,2
39e68a,2
3d3e71,6
34569a,2
394c04,2
401759,6
4400be,2
38945b,1
407659,10
440102,2
02012b,2
38913b,7
4ca4eb,2
3895bb,1
392aeb,2
38181a,4
440b61,2
44046d,2
3c6590,2
39bcc6,5
389bbb,1
38103a,2
39a52b,5
4649d3,10
3ff0e8,10
38127a,2
3991e4,2
3455d8,2
3801ba,2
39e46f,2
3b75f6,11
3931cd,12
380fda,2
4d22b4,2
3817fa,4
392af2,2
398e49,2
39b1c0,9
390a9b,6
3815da,4
380e7a,2
4cacdf,2
39ace2,6
382ada,1
347388,1
3b75f8,11
a03c15,6
380e3a,2
38167a,4
3848da,3
3814da,2
39d431,10
3aabf9,5
a83542,5
345685,2
44015a,2
3835ba,2
3816da,4
4d2197,2
38e4bc,0
385c1b,4
4785bb,6
3c6543,2
3b771b,4
3d167a,6
a9d401,5
3b77fd,5
45ab44,4
4074a4,7
3984c1,5
3b75fe,11
405457,2
478676,6
383bda,5
400c7f,6
3a17bc,7
3c66b0,2
3c6747,2
3455d9,2
398cb3,9
4402f1,2
3944ea,2
391cdc,10
3811da,2
3d1a2e,6
405456,2
4009c7,2
4d2305,3
4408a2,2
3b7776,11
495298,2
38e29c,10
4009db,2
a24f34,3
392da7,3
44ce68,2
345385,2
0a0049,2
398640,2
345051,2
4009c5,2
485871,2
3c644d,2
440c36,2
40312d,6
39242e,6
452057,2
501c0c,2
4d228f,2
3d2b35,6
8991d5,2
3c6594,2
3cdd32,3
39e680,2
3b75fb,11
3829fa,1
4692d8,2
4b1a3e,2
4b1b65,5
484c51,2
393d20,5
484f80,2
440107,2
380ffa,2
38009a,2
3c674e,2
451d86,2
3455d6,2
3c6634,2
39dd40,4
3c70b6,2
4401fa,2
3c66aa,2
406091,2
440040,2
380efa,2
392ae8,2
346317,2
39e688,2
4b027f,2
4d226b,2
3c644e,2
38a03b,1
38139a,2
440062,2
484b30,2
3800da,1
484f7d,2
3991e9,2
394c0c,2
3c674f,2
345052,2
495039,2
398569,2
38a09b,1
4d2248,2
484b32,2
3946eb,2
3451da,2
440713,2
440159,2
3c6583,2
ad1a02,5
3a506c,9
0a001a,2
484c50,2
3946ea,2
34364e,2
44b205,6
3991e6,2
39bd0b,5
34364f,2
394c0a,2
3c644c,2
484b92,2
383c1a,5
485065,2
4ca9d4,2
38199a,4
48455d,2
39e684,2
38141a,2
3950c7,2
344197,2
3c6759,2
392af4,2
39d006,9
34660d,2
345612,2
38153a,2
39cf11,1
389e9b,1
382a1a,1
381b1a,4
38129a,2
389f9b,1
3c65cc,2
3b77ee,5
3b756b,2
3b756a,2
3802fa,1
383d3a,5
389f7b,1
44c061,5
390cbb,6
4400eb,2
4baacb,2
39e685,2
391f04,6
389e5b,1
3445d4,2
4ca763,2
3900f5,6
3944f5,2
3981ad,5
4ca621,2
398542,9
404047,7
4ca7b3,2
398673,5
3b7544,1
399271,4
a14d7c,5
3d1e2d,6
44001f,2
398cb4,9
39235b,7
5002ab,5
405455,2
4d224e,2
aba856,5
38025a,1
02a190,2
382a9a,1
4008ae,2
38175a,4
38015a,1
3b77ff,5
31dfa5,0
4ca568,2
395145,7
0a0024,2
02007a,2
3c648c,2
a6af15,6
389f1b,1
4863f5,6
3815ba,2
388dfb,1
343694,2
4ca929,2
3c66ab,2
3cc9ab,3
3d14aa,6
020140,2
02a1af,2
03e021,5
346611,2
4b40a4,7
4d02bd,5
347308,2
3b7779,11
440cc7,1
3909af,6
3451d8,2
4c8085,2
4bb323,2
400f9a,2
389e1b,1
400fda,2
0a008c,2
0200ec,2
40624e,2
440248,2
4b28e3,6
4ca61e,2
388efb,1
345597,2
389b7b,1
346350,2
7100fa,4
3465d4,2
380b9a,1
4008f2,2
a08a74,3
300780,2
44f6a6,11
4692d6,2
4910c7,3
44ce73,2
39a04c,3
4075df,2
396669,2
38157a,2
3e4109,3
405a4a,2
34660f,2
4d21fe,2
440610,2
3c66b6,2
38941b,1
3cdd21,3
a0b90a,3
392aec,2
3cc24d,3
50801f,1
4ca7b9,2
3c66e5,2
3986e7,2
39a0ce,6
405a47,2
3c66a3,2
3991a3,3
a02390,2
3c5eea,2
484f7c,2
3946e9,2
4402e8,2
40095d,2
4d21f7,2
4d21ea,2
4ca4ec,2
4d226d,2
34368c,2
484cb9,2
4d02d8,5
4520e4,4
406540,2
40768b,2
3c6442,2
3c644a,2
40097d,2
4d2247,2
440611,2
40785b,6
3b7766,11
40792e,2
3c6544,2
39e682,2
0200f8,2
300564,2
39be91,3
440219,2
c06a8d,2
3c674a,2
440031,2
4d2348,2
3b7b95,9
3c4dc6,2
40615b,2
398566,2
4cad2c,2
3c6588,2
3991e5,2
400e5a,2
473232,4
440051,2
44ce72,2
39b032,5
405d0f,2
0a004a,2
39ceb0,2
48548e,2
0a008b,2
3ff0e6,10
02005b,2
4863db,2
4ca8e6,2
4ca837,2
4b1a3d,2
3455d7,2
440179,2
502d34,2
02010d,2
3c644b,2
3946e0,2
3c66e1,2
3991e3,2
405ee1,2
485085,2
401087,5
4ca303,2
485875,2
4008b2,2
343650,2
484163,2
39b163,2
4bb074,2
392ae7,2
39d012,5
4008b3,2
3c6741,2
4b421b,9
345543,2
3991e1,2
34604b,2
388fdb,1
484f17,2
495216,2
4cafd1,2
405d9a,6
346614,2
3944f9,2
392ae9,2
4ca2d4,2
3964f1,2
3894db,1
3c6449,2
4c8087,2
485086,2
343046,2
4cad53,2
3991e0,2
3aabfb,5
3c66a6,2
485206,2
392aef,2
4d2280,2
4d223b,2
3c6742,2
3b7569,2
344218,2
495217,2
3aabfc,5
4ca811,2
3c658c,2
3c65c5,2
0a0075,2
502d33,2
300738,2
3b7fd7,0
4bb06d,2
3c6746,2
3c6447,2
3944e1,2
4d02a4,5
486492,2
4d22ab,2
02a198,2
4d212b,3
44c06b,5
4d21f2,2
02a195,2
440614,2
3c6585,2
493296,3
39c501,3
3dc82c,6
346156,2
4402f0,2
380bda,1
38565d,10
7811c0,2
3c6441,2
400db4,2
4cafd2,2
3986ed,2
4cafd0,2
3c6450,2
48418d,2
4ca9d2,2
3c66af,2
491316,3
392aed,2
402952,6
4d02a5,5
a041db,6
38901b,1
a4f457,5
4d222b,2
449825,3
383c42,6
341682,2
3859dd,10
393d5b,3
44c06e,5
399175,3
382d1a,9
404c2c,6
4248cf,2
710251,4
380fba,2
45209f,2
a11714,5
3894bb,1
3d183b,6
abcd99,5
4b1c62,7
38023a,1
39b526,6
3ce2d0,5
400980,2
4ca9ea,2
4ca626,2
4bb0e6,1
384d5a,1
406204,3
394830,6
4403ec,3
3aaaeb,0
3814fa,2
42486d,2
38171a,4
ac7fc2,3
a2175d,6
3944cf,3
3d0632,6
39514a,7
398d6d,5
4cad61,2
ac97b1,5
3b77f0,5
50022d,9
3b7772,11
4ca73d,2
c02749,2
a255e5,6
02005e,11
43eaad,5
a02a85,3
8880ec,2
3002de,3
4077e0,2
3aaaec,0
3aabf8,5
406973,9
393cfb,11
38fd1b,7
43ed5a,4
38365a,2
385c9b,4
400aca,5
400afe,2
43e9c1,3
a44f5d,3
3991a4,3
401a8a,6
3c1215,2
424b31,3
48435d,2
344501,2
3c70b8,2
4b39c9,3
407dd2,6
383c9a,5
3938b7,3
4d2149,3
3cc24b,3
406670,2
38a13b,1
0a0097,3
394979,3
4baac1,2
440bcf,2
4aca63,1
3e47c9,3
3c66e7,2
4bab25,2
40125e,6
48b047,3
3c5ee1,2
508015,1
440806,3
4b1e69,5
3c6675,2
380d1a,1
39ca87,12
40690d,2
3c66eb,2
4ca6fc,2
390a09,6
4ba91a,2
3c6541,2
45e49a,4
3986e3,2
4d233e,2
39a1f8,4
3420cb,2
3451d4,2
4008b5,2
346091,2
781def,2
45ab47,4
389e3b,1
494103,3
45d839,3
485ec4,5
4008f1,2
43e90d,3
505ce6,2
4baa8f,2
4cabc7,4
3b77f6,5
4bab27,2
440c34,2
398562,2
398540,9
406fd8,2
4d20d7,3
40688a,2
40087c,2
485ec1,5
39dd41,2
02a1a3,2
406909,2
3944ed,2
461847,5
45e46d,4
384e3a,1
4c808d,2
3e1d98,5
400879,2
4d02b6,3
34629a,2
383dfa,0
3c6599,2
4848e1,5
4ab554,5
342105,2
4d2229,2
405b65,2
440cf7,2
a4abd1,3
48ca40,3
3c6670,2
440bcb,2
345698,2
39856b,2
3cd051,3
39bcc0,5
3b75f7,11
440bc8,2
3c6424,2
710436,4
406531,2
a0d5c1,5
4baa5a,2
489221,2
4ca836,2
34150e,2
407a19,5
488d78,3
49d361,5
406674,2
39c8f4,3
4cac6d,2
406a3e,2
493283,3
3c6545,2
4d21ec,2
3463cb,3
344644,2
40792f,2
e0744b,3
4691c2,2
3c6633,2
02a199,2
440637,3
440d00,2
3452c8,2
406ca3,2
3cdde6,3
400cd8,2
3c65c2,2
4b1a27,2
40756d,2
4010ed,2
39a204,2
4ca770,2
406668,2
40624f,2
383e1a,5
399a20,7
344213,2
491315,3
4d02b7,5
3921e7,3
3b77ed,5
406018,2
3d7281,5
4d22e7,3
440c6e,2
4bb068,2
45e48e,4
c06a7f,2
440d0a,3
48630e,3
4a1962,2
3aaa98,5
40721a,9
3b7546,5
3b75fa,11
4520e6,2
4ca84e,2
39e691,2
a0948d,6
3c6498,2
a2ce75,3
4ca256,2
a94cfd,5
3999b4,4
440bce,2
45e495,4
4d229e,3
4d02af,5
43ee6a,4
391844,6
400518,2
451d85,2
42477b,2
407d10,2
3c66a1,2
440590,3
389bdb,1
383b7a,5
4409ae,2
4692c9,2
abb748,5
4891af,2
4d22b9,2
a50f61,5
3c66b1,2
4d2261,2
4ca24f,2
405f13,2
4ca292,2
3d645c,5
020113,2
4075ff,2
40123f,2
440309,2
300393,2
392af5,2
4ca243,2
4d21e0,2
400935,2
4ca56a,2
c01061,3
300782,2
405a48,2
0200af,2
3c5827,3
400e5b,2
44014a,2
4076b9,9
4ca739,2
440612,2
490d08,3
020145,2
3c6652,2
0a008f,2
3c65ce,2
346648,2
4691c5,2
44ce75,2
4405b2,3
44b2ad,3
3ceee1,3
4079f6,2
39666a,2
4cabc4,4
484c1b,2
49d327,2
4914c6,3
440b14,3
4baac7,2
3e3469,3
a2a528,5
4ca7b5,2
4d0290,3
3e1b1e,3
3c6443,2
02006e,2
383bba,5
300554,2
406a95,2
4d236d,2
780c63,3
a3d541,5
3c65ca,2
4950d9,2
3c6657,2
4b1a1f,2
4ca6b2,4
3c66e6,2
471a74,4
39a4af,5
400be5,2
4d2213,2
3944f2,2
4d02c7,3
4690fa,2
45ce48,1
a0f57e,3
aaae60,2
346613,2
406c71,2
3e46e1,3
4ca251,2
398186,3
0a0027,2
4bb069,2
4ca25a,2
392af9,2
4ca893,2
34604c,2
4d234a,2
4bb063,2
3964e5,2
4855d2,2
484c54,2
0a0026,2
3b7780,11
3444c8,2
34714d,2
4692d1,2
4010eb,2
4d02a0,3
485207,2
4d02dd,5
346193,2
4ca27c,2
3c8483,3
4d2199,3
3c6483,2
43edda,3
3c66a5,2
4ca856,2
400afb,2
4402ac,2
4ca9eb,2
39856c,2
4d22ba,2
4d21f1,2
4ca2a7,2
3c66ea,2
4d210b,3
4ca2ac,2
406445,2
4863dc,2
0200fb,2
407534,2
4b3996,3
406446,2
3b77fe,5
3d63c0,5
4d22c5,2
02a1b4,2
4008ad,2
3c65c7,2
0200ea,2
4067f0,2
3b7f68,5
43ed4a,4
440bb1,3
4ca805,2
4b027d,2
4d2243,2
c06a7d,2
3c65c1,2
4ca56c,2
4d22b8,2
46b8a1,2
39c82b,3
4409ad,2
503d6b,2
4ca806,2
473457,4
4caa5a,2
398511,3
3c664b,2
4b1a67,2
4d227f,2
020057,2
3b77f7,5
489229,2
485d61,3
3c66e3,2
020124,2
484130,2
44052d,3
486484,2
440630,2
49d266,2
3c66a9,2
485873,2
404195,6
4d02be,5
485a33,2
c06a78,2
484b31,2
e49404,3
3b7b3a,4
4d22b5,2
0a0021,2
39a44f,3
4cac56,2
4ca88c,2
400a26,2
4ca63b,2
3964e3,2
a9556a,5
4b1a2a,2
3c6489,2
0a008a,2
4d2265,2
4baa54,2
3c664c,2
49d2cf,4
484b8f,2
3945f8,4
406442,2
495290,2
4ca216,2
342189,2
4cafb4,2
3c64a1,2
39b581,5
424b93,3
4ca788,2
405e24,2
400f2b,5
396447,1
44cdcd,2
440760,2
3986e8,2
4d2221,2
4d220c,2
4010ec,2
398495,2
3cd34e,3
383cba,5
4caa5f,2
4d02ae,5
3aabfe,5
39dd49,2
38fcdc,7
02a192,2
4b10e2,5
45ce4e,2
484cc3,2
406250,2
4d2342,3
347303,2
4855d0,2
38777b,2
4c808c,2
3c6586,2
a4dfa6,2
4d2240,2
3e3e7c,3
4400b7,2
3c6678,2
a5e7c9,3
c06a76,2
3d7f78,5
4d2347,2
4ca27b,2
0a0093,2
0a0020,2
300781,2
4d22ff,2
4ca2bf,2
3c6643,2
49d276,2
3b7773,11
3465d8,2
38867b,1
4d2244,2
485876,2
4b0eb9,5
3c6446,2
44061d,2
020105,2
4ca84b,2
3b7527,5
406fdb,2
4ca802,2
4d234d,2
c06a82,2
020112,2
3c65da,2
4008e5,2
484555,2
4ca2ca,2
38779b,2
393cc0,3
acb512,3
4d2242,2
49d116,3
3465d9,2
505ceb,2
a28e10,3
39ae38,3
4ca259,2
398560,2
485064,2
3946ec,2
3a2e68,3
49410b,3
4ba914,2
39e681,2
39e683,2
4d22c2,2
39d305,2
0200ed,2
489224,2
3c66e9,2
40666b,2
4691c1,2
780ec1,3
3c66e2,2
406ae3,2
39c8e1,3
494107,3
3986ec,2
0a0077,2
4cad3e,2
4ca892,2
4ca263,2
4ca703,2
398166,3
4d2350,2
406135,2
0a0079,2
399164,5
398249,3
406bbb,2
484acb,2
44d042,3
3e1988,5
4d2232,2
4d21f0,2
3e47b7,5
3945e9,4
4063de,2
4402d9,3
4d225c,2
3c4dc1,2
39cea2,2
4cafc2,2
0a0025,2
440b2f,2
48c236,2
0a004b,2
4cafd3,2
4009d9,2
486258,2
020175,2
3c4d68,2
a0563b,2
4b1a23,2
39d569,3
010141,2
3b76ae,2
345615,2
394c14,2
440124,5
4cafb5,2
4ca801,2
4ca769,2
44009b,3
385b9b,4
43ee33,5
4bb075,2
02a18e,2
4405ac,3
4d225e,2
02006f,2
c02725,2
3944ee,2
a0c451,5
710032,4
a9e60b,2
484cc2,2
3c4dc7,2
40649f,2
4d02aa,5
020092,2
3b76a4,3
3431c9,3
4ca27a,2
02012c,2
4bb072,2
800b75,2
4d02c2,3
484131,2
440892,3
400d91,2
4ca8d7,2
4d2358,3
3c674d,2
4691c6,2
3d1d84,5
3950c8,2
40097f,2
0a008e,2
39cea1,2
4d2287,2
484ee5,2
44067b,3
a23c6c,3
3c6637,2
34568c,2
3c6542,2
484b90,2
4ca640,2
4ca56d,2
02a196,2
4400bd,3
399893,5
4b0280,2
4d233d,3
4cad12,2
3c6595,2
345688,2
4ca27d,2
34644b,2
4692ce,2
4ca766,2
4ca2ab,2
44d076,2
02005a,2
020104,2
c06a7a,2
440593,3
345583,2
484160,2
3b7774,11
4ba919,2
4cafc0,2
3453d3,2
a0a0c1,5
4bb322,2
4ca63a,2
39e68c,2
4cad4f,2
39cea7,2
4ca2d5,2
3c66b3,2
407c65,3
4ca566,2
4d2246,2
4bb324,2
42482b,2
491541,3
4cad29,2
4ca9cc,2
4ca569,2
486495,2
40093f,2
486493,2
020111,2
4ba90d,2
4d2219,2
44079a,2
3964e9,2
02a194,2
3c6659,2
4d21fc,2
4b1a66,2
4ca761,2
4ca97b,2
3986e4,2
3c4dcd,2
345611,2
4855d1,2
486483,2
405635,2
3c6749,2
485a32,2
4ca849,2
020025,2
48455a,2
459257,3
4009da,2
344416,2
4ca847,2
39b221,1
4ca894,2
451e8d,2
484c24,2
4401dc,2
3c5ee8,2
4cad3c,2
4d2304,2
02a1b1,2
4ca9d3,2
4d2214,2
4ca701,2
342188,2
34448d,2
484cb4,2
4ca852,2
4d2112,3
46b8af,2
4d2223,2
39856e,2
4d2368,2
a91ea7,3
3c5467,2
4d234b,2
43ea86,3
4d225a,2
40775c,2
3c6589,2
76cd17,1
4bb06b,2
3b7710,4
48418c,2
380a9a,1
342090,2
398570,2
440080,2
4240e7,1
a05dcc,3
4ca2c3,2
38289c,10
346455,9
3a285c,6
3d153e,6
3866dd,0
38fe7c,10
3ff89a,10
38353d,0
3b7543,1
505d1e,0
4076e5,2
40653d,2
347258,2
400f02,2
3c65c8,2
4009d8,2
3c6757,2
400fdb,2
4b1a1e,2
0a0078,2
344417,2
0200f9,2
3c658b,2
4076b0,2
39a054,3
020110,2
49c33c,0
4ca2c9,2
400b82,2
406a3d,2
405b66,2
399a40,3
400981,2
400e59,2
400d5b,2
4008e6,2
4d0128,1
346316,2
3946e3,2
39e144,5
407930,2
4baa0b,2
4b1a2b,2
440807,3
400d5a,2
406d8e,2
4cabc3,4
44cdca,2
39e68b,2
4075fd,2
406ae2,2
4ca8bd,2
3c66a2,2
43ee5c,4
39e4ac,2
40097e,2
5000d4,3
4d2301,2
4bb066,2
346644,2
02a1a2,2
3c6488,2
4baacc,2
4076e4,2
4bb06e,2
4064a4,2
39c821,5
4009c6,2
4692ca,2
406d92,2
39e686,2
49410e,3
3c5466,2
3c66b2,2
4520d2,2
3c6444,2
4d228a,2
440bc0,2
71c068,3
4cabc6,4
45ce4d,0
4d22be,2
4ca6a5,2
4d22b3,2
345642,2
40665f,2
440190,3
4ac98d,2
3c65c9,2
3c6448,2
4baa6f,2
3c5469,2
3c6758,2
407c0b,2
4400cd,2
a95d00,3
4bab21,2
406755,2
40777c,2
39b9a3,3
3c66a7,2
39c8a9,3
400b00,2
34530d,2
440185,2
39856a,2
440bc2,2
4d222c,2
4ca24e,2
4b1a1b,2
39ce41,3
3991e7,2
4d2162,2
39a205,2
4ca741,2
3964ef,2
4ca760,2
484ee4,2
4bab24,2
399224,3
4cafc4,2
4d2235,2
398477,3
3c6581,2
4b17fe,2
0200ae,2
405b64,2
3c658e,2
40631b,2
4b1a26,2
344498,2
4a0441,2
484b91,2
a4e714,2
405638,2
4ca9c3,2
39e689,2
a4e35f,2
a40b7c,3
3e1a54,3
4ca80b,2
40665e,2
847294,1
020066,2
8991e4,1
495267,2
7586cf,2
8991dc,2
48b70c,3
a67f8a,1
76cd43,1
a67811,1
39c90a,12
39c901,12
